PRESSURE,TEMP,HUMIDITY,ILLUMINANCE,ALTITUDE_SEALEVEL
1004.3614141845703,27.190308339991844,43.109604835510254,2.096254725190193,77.50937598948293
1004.3614141845703,27.190308339991844,43.109604835510254,2.096254725190193,77.50937598948293
1004.3614141845703,27.190308339991844,43.109604835510254,2.096254725190193,77.50937598948293
1004.3614141845703,27.190308339991844,43.109604835510254,2.096254725190193,77.50937598948293
1004.3614141845703,27.190308339991844,43.109604835510254,2.096254725190193,77.50937598948293
1004.3614141845703,27.190308339991844,43.109604835510254,2.096254725190193,77.50937598948293
1004.3614141845703,27.190941345914396,43.12976622581482,2.096254725190193,77.5095393504861
1004.3627055358887,27.190941345914396,43.12976622581482,2.096254725190193,77.49821938332855
1004.3627055358887,27.190941345914396,43.12976622581482,2.096254725190193,77.49821938332855
1004.3627055358887,27.190941345914396,43.12976622581482,2.096254725190193,77.49821938332855
1004.3627055358887,27.190941345914396,43.12976622581482,2.096254725190193,77.49821938332855
1004.3627055358887,27.190941345914396,43.12976622581482,2.096254725190193,77.49821938332855
1004.3627055358887,27.190941345914396,43.12976622581482,2.096254725190193,77.49821938332855
1004.3627055358887,27.190941345914396,43.12976622581482,2.096254725190193,77.49821938332855
1004.3627055358887,27.190941345914396,43.12976622581482,2.096254725190193,77.49821938332855
1004.3627055358887,27.190941345914396,43.12976622581482,2.096254725190193,77.49821938332855
1004.3627055358887,27.190941345914396,43.12976622581482,2.096254725190193,77.49821938332855
1004.3627055358887,27.190941345914396,43.12976622581482,2.096254725190193,77.49821938332855
1004.3627055358887,27.190941345914396,43.12976622581482,2.096254725190193,77.49821938332855
1004.3627055358887,27.190941345914396,43.12976622581482,2.096254725190193,77.49821938332855
1004.3627055358887,27.190941345914396,43.12976622581482,2.096254725190193,77.49821938332855
1004.3627055358887,27.190941345914396,43.12976622581482,2.096254725190193,77.49821938332855
1004.3627055358887,27.190941345914396,43.12976622581482,2.096254725190193,77.49821938332855
1004.3627055358887,27.190941345914396,43.12976622581482,2.096254725190193,77.49821938332855
1004.3627055358887,27.190941345914396,43.12976622581482,2.096254725190193,77.49821938332855
1004.3627055358887,27.190941345914396,43.12976622581482,2.096254725190193,77.49821938332855
1004.3627055358887,27.190941345914396,43.12976622581482,2.096254725190193,77.49821938332855
1004.3627055358887,27.190941345914396,43.12976622581482,2.096254725190193,77.49821938332855
1004.3627055358887,27.190941345914396,43.12976622581482,2.096254725190193,77.49821938332855
1004.3627055358887,27.190941345914396,43.12976622581482,2.096254725190193,77.49821938332855
1004.3627055358887,27.190941345914396,43.12976622581482,2.096254725190193,77.49821938332855
1004.3627055358887,27.190941345914396,43.12976622581482,2.096254725190193,77.49821938332855
1004.3627055358887,27.190941345914396,43.12976622581482,2.096254725190193,77.49821938332855
1004.3627055358887,27.190941345914396,43.12976622581482,2.096254725190193,77.49821938332855
1004.3627055358887,27.190941345914396,43.12976622581482,2.096254725190193,77.49821938332855
1004.3627055358887,27.190941345914396,43.12976622581482,2.096254725190193,77.49821938332855
1004.3627055358887,27.189675334073836,43.2106032371521,2.096254725190193,77.49789270903992
1004.3604374694825,27.189675334073836,43.2106032371521,2.096254725190193,77.51777447435728
1004.3604374694825,27.189675334073836,43.2106032371521,2.096254725190193,77.51777447435728
1004.3604374694825,27.189675334073836,43.2106032371521,2.096254725190193,77.51777447435728
1004.3604374694825,27.189675334073836,43.2106032371521,2.096254725190193,77.51777447435728
1004.3604374694825,27.189675334073836,43.2106032371521,2.096254725190193,77.51777447435728
1004.3604374694825,27.189675334073836,43.2106032371521,2.096254725190193,77.51777447435728
1004.3604374694825,27.189675334073836,43.2106032371521,2.096254725190193,77.51777447435728
1004.3604374694825,27.189675334073836,43.2106032371521,2.096254725190193,77.51777447435728
1004.3604374694825,27.189675334073836,43.2106032371521,2.096254725190193,77.51777447435728
1004.3604374694825,27.189675334073836,43.2106032371521,2.096254725190193,77.51777447435728
1004.3604374694825,27.189675334073836,43.2106032371521,2.096254725190193,77.51777447435728
1004.3604374694825,27.189675334073836,43.2106032371521,2.096254725190193,77.51777447435728
1004.3604374694825,27.189675334073836,43.2106032371521,2.096254725190193,77.51777447435728
1004.3604374694825,27.189675334073836,43.2106032371521,2.096254725190193,77.51777447435728
1004.3604374694825,27.189675334073836,43.2106032371521,2.096254725190193,77.51777447435728
1004.3604374694825,27.189675334073836,43.2106032371521,2.096254725190193,77.51777447435728
1004.3604374694825,27.189675334073836,43.2106032371521,2.096254725190193,77.51777447435728
1004.3604374694825,27.189675334073836,43.2106032371521,2.096254725190193,77.51777447435728
1004.3604374694825,27.189675334073836,43.2106032371521,2.096254725190193,77.51777447435728
1004.3604374694825,27.189675334073836,43.2106032371521,2.096254725190193,77.51777447435728
1004.3604374694825,27.189675334073836,43.2106032371521,2.096254725190193,77.51777447435728
1004.3604374694825,27.189675334073836,43.2106032371521,2.096254725190193,77.51777447435728
1004.3604374694825,27.189675334073836,43.2106032371521,2.096254725190193,77.51777447435728
1004.3604374694825,27.189675334073836,43.2106032371521,2.096254725190193,77.51777447435728
1004.3604374694825,27.189675334073836,43.2106032371521,2.096254725190193,77.51777447435728
1004.3604374694825,27.189675334073836,43.2106032371521,2.096254725190193,77.51777447435728
1004.3604374694825,27.189675334073836,43.2106032371521,2.096254725190193,77.51777447435728
1004.3604374694825,27.189675334073836,43.2106032371521,2.096254725190193,77.51777447435728
1004.3587046813965,27.188725825205353,43.13989520072937,2.096254725190193,77.53271893406988
1004.3571005249023,27.188725825205353,43.13989520072937,2.096254725190193,77.5467809124666
1004.3571005249023,27.188725825205353,43.13989520072937,2.096254725190193,77.5467809124666
1004.3571005249023,27.188725825205353,43.13989520072937,2.096254725190193,77.5467809124666
1004.3571005249023,27.188725825205353,43.13989520072937,2.096254725190193,77.5467809124666
1004.3571005249023,27.188725825205353,43.13989520072937,2.096254725190193,77.5467809124666
1004.3571005249023,27.188725825205353,43.13989520072937,2.096254725190193,77.5467809124666
1004.3571005249023,27.188725825205353,43.13989520072937,2.096254725190193,77.5467809124666
1004.3571005249023,27.188725825205353,43.13989520072937,2.096254725190193,77.5467809124666
1004.3571005249023,27.188725825205353,43.13989520072937,2.096254725190193,77.5467809124666
1004.3571005249023,27.188725825205353,43.13989520072937,2.096254725190193,77.5467809124666
1004.3571005249023,27.188725825205353,43.13989520072937,2.096254725190193,77.5467809124666
1004.3571005249023,27.188725825205353,43.13989520072937,2.096254725190193,77.5467809124666
1004.3571005249023,27.188725825205353,43.13989520072937,2.096254725190193,77.5467809124666
1004.3571005249023,27.188725825205353,43.13989520072937,2.096254725190193,77.5467809124666
1004.3571005249023,27.188725825205353,43.13989520072937,2.096254725190193,77.5467809124666
1004.3571005249023,27.188725825205353,43.13989520072937,2.096254725190193,77.5467809124666
1004.3571005249023,27.188725825205353,43.13989520072937,2.096254725190193,77.5467809124666
1004.3571005249023,27.188725825205353,43.13989520072937,2.096254725190193,77.5467809124666
1004.3571005249023,27.188725825205353,43.13989520072937,2.096254725190193,77.5467809124666
1004.3571005249023,27.188725825205353,43.13989520072937,2.096254725190193,77.5467809124666
1004.3571005249023,27.188725825205353,43.13989520072937,2.096254725190193,77.5467809124666
1004.3571005249023,27.188725825205353,43.13989520072937,2.096254725190193,77.5467809124666
1004.3571005249023,27.188725825205353,43.13989520072937,2.096254725190193,77.5467809124666
1004.3571005249023,27.188725825205353,43.13989520072937,2.096254725190193,77.5467809124666
1004.3571005249023,27.188725825205353,43.13989520072937,2.096254725190193,77.5467809124666
1004.3571005249023,27.188725825205353,43.13989520072937,2.096254725190193,77.5467809124666
1004.3571005249023,27.188725825205353,43.13989520072937,2.096254725190193,77.5467809124666
1004.3571005249023,27.188725825205353,43.13989520072937,2.096254725190193,77.5467809124666
1004.3571005249023,27.188725825205353,43.13989520072937,2.096254725190193,77.5467809124666
1004.3571005249023,27.187776316347097,43.15002489089966,2.096254725190193,77.54653575142319
1004.3554962158203,27.187776316347097,43.15002489089966,2.096254725190193,77.5605990496642
1004.3554962158203,27.187776316347097,43.15002489089966,2.096254725190193,77.5605990496642
1004.3554962158203,27.187776316347097,43.15002489089966,2.096254725190193,77.5605990496642
1004.3554962158203,27.187776316347097,43.15002489089966,2.096254725190193,77.5605990496642
1004.3554962158203,27.187776316347097,43.15002489089966,2.096254725190193,77.5605990496642
1004.3554962158203,27.187776316347097,43.15002489089966,2.096254725190193,77.5605990496642
1004.3554962158203,27.187776316347097,43.15002489089966,2.096254725190193,77.5605990496642
1004.3554962158203,27.187776316347097,43.15002489089966,2.096254725190193,77.5605990496642
1004.3554962158203,27.187776316347097,43.15002489089966,2.096254725190193,77.5605990496642
1004.3554962158203,27.187776316347097,43.15002489089966,2.096254725190193,77.5605990496642
1004.3554962158203,27.187776316347097,43.15002489089966,2.096254725190193,77.5605990496642
1004.3554962158203,27.187776316347097,43.15002489089966,2.096254725190193,77.5605990496642
1004.3554962158203,27.187776316347097,43.15002489089966,2.096254725190193,77.5605990496642
1004.3554962158203,27.187776316347097,43.15002489089966,2.096254725190193,77.5605990496642
1004.3554962158203,27.187776316347097,43.15002489089966,2.096254725190193,77.5605990496642
1004.3554962158203,27.187776316347097,43.15002489089966,2.096254725190193,77.5605990496642
1004.3554962158203,27.187776316347097,43.15002489089966,2.096254725190193,77.5605990496642
1004.3554962158203,27.187776316347097,43.15002489089966,2.096254725190193,77.5605990496642
1004.3554962158203,27.187776316347097,43.15002489089966,2.096254725190193,77.5605990496642
1004.3554962158203,27.187776316347097,43.15002489089966,2.096254725190193,77.5605990496642
1004.3554962158203,27.187776316347097,43.15002489089966,2.096254725190193,77.5605990496642
1004.3554962158203,27.187776316347097,43.15002489089966,2.096254725190193,77.5605990496642
1004.3554962158203,27.187776316347097,43.15002489089966,2.096254725190193,77.5605990496642
1004.3554962158203,27.187776316347097,43.15002489089966,2.096254725190193,77.5605990496642
1004.3554962158203,27.187776316347097,43.15002489089966,2.096254725190193,77.5605990496642
1004.3554962158203,27.187776316347097,43.15002489089966,2.096254725190193,77.5605990496642
1004.3554962158203,27.187776316347097,43.15002489089966,2.096254725190193,77.5605990496642
1004.3554962158203,27.187776316347097,43.15002489089966,2.096254725190193,77.5605990496642
1004.3554962158203,27.187776316347097,43.15002489089966,2.096254725190193,77.5605990496642
1004.3538003540039,27.186826807499077,43.03889560699463,2.096254725190193,77.5752196714518
1004.3521594238281,27.186826807499077,43.03889560699463,2.096254725190193,77.58960399958141
1004.3521594238281,27.186826807499077,43.03889560699463,2.096254725190193,77.58960399958141
1004.3521594238281,27.186826807499077,43.03889560699463,2.096254725190193,77.58960399958141
1004.3521594238281,27.186826807499077,43.03889560699463,2.096254725190193,77.58960399958141
1004.3521594238281,27.186826807499077,43.03889560699463,2.096254725190193,77.58960399958141
1004.3521594238281,27.186826807499077,43.03889560699463,2.096254725190193,77.58960399958141
1004.3521594238281,27.186826807499077,43.03889560699463,2.096254725190193,77.58960399958141
1004.3521594238281,27.186826807499077,43.03889560699463,2.096254725190193,77.58960399958141
1004.3521594238281,27.186826807499077,43.03889560699463,2.096254725190193,77.58960399958141
1004.3521594238281,27.186826807499077,43.03889560699463,2.096254725190193,77.58960399958141
1004.3521594238281,27.186826807499077,43.03889560699463,2.096254725190193,77.58960399958141
1004.3521594238281,27.186826807499077,43.03889560699463,2.096254725190193,77.58960399958141
1004.3521594238281,27.186826807499077,43.03889560699463,2.096254725190193,77.58960399958141
1004.3521594238281,27.186826807499077,43.03889560699463,2.096254725190193,77.58960399958141
1004.3521594238281,27.186826807499077,43.03889560699463,2.096254725190193,77.58960399958141
1004.3521594238281,27.186826807499077,43.03889560699463,2.096254725190193,77.58960399958141
1004.3521594238281,27.186826807499077,43.03889560699463,2.096254725190193,77.58960399958141
1004.3521594238281,27.186826807499077,43.03889560699463,2.096254725190193,77.58960399958141
1004.3521594238281,27.186826807499077,43.03889560699463,2.096254725190193,77.58960399958141
1004.3521594238281,27.186826807499077,43.03889560699463,2.096254725190193,77.58960399958141
1004.3521594238281,27.186826807499077,43.03889560699463,2.096254725190193,77.58960399958141
1004.3521594238281,27.186826807499077,43.03889560699463,2.096254725190193,77.58960399958141
1004.3521594238281,27.186826807499077,43.03889560699463,2.096254725190193,77.58960399958141
1004.3521594238281,27.186826807499077,43.03889560699463,2.096254725190193,77.58960399958141
1004.3521594238281,27.186826807499077,43.03889560699463,2.096254725190193,77.58960399958141
1004.3521594238281,27.186826807499077,43.03889560699463,2.096254725190193,77.58960399958141
1004.3521594238281,27.186826807499077,43.03889560699463,2.096254725190193,77.58960399958141
1004.3521594238281,27.186826807499077,43.03889560699463,2.096254725190193,77.58960399958141
1004.3521594238281,27.186826807499077,43.03889560699463,2.096254725190193,77.58960399958141
1004.3521594238281,27.18587729866129,43.109604835510254,2.096254725190193,77.5893587016088
1004.3508680725098,27.18587729866129,43.109604835510254,2.096254725190193,77.60067861937124
1004.3508680725098,27.18587729866129,43.109604835510254,2.096254725190193,77.60067861937124
1004.3508680725098,27.18587729866129,43.109604835510254,2.096254725190193,77.60067861937124
1004.3508680725098,27.18587729866129,43.109604835510254,2.096254725190193,77.60067861937124
1004.3508680725098,27.18587729866129,43.109604835510254,2.096254725190193,77.60067861937124
1004.3508680725098,27.18587729866129,43.109604835510254,2.096254725190193,77.60067861937124
1004.3508680725098,27.18587729866129,43.109604835510254,2.096254725190193,77.60067861937124
1004.3508680725098,27.18587729866129,43.109604835510254,2.096254725190193,77.60067861937124
1004.3508680725098,27.18587729866129,43.109604835510254,2.096254725190193,77.60067861937124
1004.3508680725098,27.18587729866129,43.109604835510254,2.096254725190193,77.60067861937124
1004.3508680725098,27.18587729866129,43.109604835510254,2.096254725190193,77.60067861937124
1004.3508680725098,27.18587729866129,43.109604835510254,2.096254725190193,77.60067861937124
1004.3508680725098,27.18587729866129,43.109604835510254,2.096254725190193,77.60067861937124
1004.3508680725098,27.18587729866129,43.109604835510254,2.096254725190193,77.60067861937124
1004.3508680725098,27.18587729866129,43.109604835510254,2.096254725190193,77.60067861937124
1004.3508680725098,27.18587729866129,43.109604835510254,2.096254725190193,77.60067861937124
1004.3508680725098,27.18587729866129,43.109604835510254,2.096254725190193,77.60067861937124
1004.3508680725098,27.18587729866129,43.109604835510254,2.096254725190193,77.60067861937124
1004.3508680725098,27.18587729866129,43.109604835510254,2.096254725190193,77.60067861937124
1004.3508680725098,27.18587729866129,43.109604835510254,2.096254725190193,77.60067861937124
1004.3508680725098,27.18587729866129,43.109604835510254,2.096254725190193,77.60067861937124
1004.3508680725098,27.18587729866129,43.109604835510254,2.096254725190193,77.60067861937124
1004.3508680725098,27.18587729866129,43.109604835510254,2.096254725190193,77.60067861937124
1004.3508680725098,27.18587729866129,43.109604835510254,2.096254725190193,77.60067861937124
1004.3508680725098,27.18587729866129,43.109604835510254,2.096254725190193,77.60067861937124
1004.3508680725098,27.18587729866129,43.109604835510254,2.096254725190193,77.60067861937124
1004.3508680725098,27.18587729866129,43.109604835510254,2.096254725190193,77.60067861937124
1004.3491720581055,27.184927789833733,43.17018532752991,2.096254725190193,77.61530043802183
1004.3475679016113,27.184927789833733,43.17018532752991,2.096254725190193,77.62936239744327
1004.3475679016113,27.184927789833733,43.17018532752991,2.096254725190193,77.62936239744327
1004.3475679016113,27.184927789833733,43.17018532752991,2.096254725190193,77.62936239744327
1004.3475679016113,27.184927789833733,43.17018532752991,2.096254725190193,77.62936239744327
1004.3475679016113,27.184927789833733,43.17018532752991,2.096254725190193,77.62936239744327
1004.3475679016113,27.184927789833733,43.17018532752991,2.096254725190193,77.62936239744327
1004.3475679016113,27.184927789833733,43.17018532752991,2.096254725190193,77.62936239744327
1004.3475679016113,27.184927789833733,43.17018532752991,2.096254725190193,77.62936239744327
1004.3475679016113,27.184927789833733,43.17018532752991,2.096254725190193,77.62936239744327
1004.3475679016113,27.184927789833733,43.17018532752991,2.096254725190193,77.62936239744327
1004.3475679016113,27.184927789833733,43.17018532752991,2.063312197177694,77.62936239744327
1004.3475679016113,27.184927789833733,43.17018532752991,2.063312197177694,77.62936239744327
1004.3475679016113,27.184927789833733,43.17018532752991,2.063312197177694,77.62936239744327
1004.3475679016113,27.184927789833733,43.17018532752991,2.063312197177694,77.62936239744327
1004.3475679016113,27.184927789833733,43.17018532752991,2.063312197177694,77.62936239744327
1004.3475679016113,27.184927789833733,43.17018532752991,2.063312197177694,77.62936239744327
1004.3475679016113,27.184927789833733,43.17018532752991,2.063312197177694,77.62936239744327
1004.3475679016113,27.184927789833733,43.17018532752991,2.063312197177694,77.62936239744327
1004.3475679016113,27.184927789833733,43.17018532752991,2.063312197177694,77.62936239744327
1004.3475679016113,27.184927789833733,43.17018532752991,2.063312197177694,77.62936239744327
1004.3475679016113,27.184927789833733,43.17018532752991,2.063312197177694,77.62936239744327
1004.3475679016113,27.184927789833733,43.17018532752991,2.063312197177694,77.62936239744327
1004.3475679016113,27.184927789833733,43.17018532752991,2.063312197177694,77.62936239744327
1004.3475679016113,27.184927789833733,43.17018532752991,2.063312197177694,77.62936239744327
1004.3475679016113,27.184927789833733,43.17018532752991,2.063312197177694,77.62936239744327
1004.3458351135254,27.18429478395438,43.01873302459717,2.063312197177694,77.64438831646835
1004.3445439147949,27.18429478395438,43.01873302459717,2.063312197177694,77.6557069218423
1004.3445439147949,27.18429478395438,43.01873302459717,2.063312197177694,77.6557069218423
1004.3445439147949,27.18429478395438,43.01873302459717,2.063312197177694,77.6557069218423
1004.3445439147949,27.18429478395438,43.01873302459717,2.063312197177694,77.6557069218423
1004.3445439147949,27.18429478395438,43.01873302459717,2.063312197177694,77.6557069218423
1004.3445439147949,27.18429478395438,43.01873302459717,2.063312197177694,77.6557069218423
1004.3445439147949,27.18429478395438,43.01873302459717,2.063312197177694,77.6557069218423
1004.3445439147949,27.18429478395438,43.01873302459717,2.063312197177694,77.6557069218423
1004.3445439147949,27.18429478395438,43.01873302459717,2.063312197177694,77.6557069218423
1004.3445439147949,27.18429478395438,43.01873302459717,2.063312197177694,77.6557069218423
1004.3445439147949,27.18429478395438,43.01873302459717,2.063312197177694,77.6557069218423
1004.3445439147949,27.18429478395438,43.01873302459717,2.063312197177694,77.6557069218423
1004.3445439147949,27.18429478395438,43.01873302459717,2.063312197177694,77.6557069218423
1004.3445439147949,27.18429478395438,43.01873302459717,2.063312197177694,77.6557069218423
1004.3445439147949,27.18429478395438,43.01873302459717,2.063312197177694,77.6557069218423
1004.3445439147949,27.18429478395438,43.01873302459717,2.063312197177694,77.6557069218423
1004.3445439147949,27.18429478395438,43.01873302459717,2.063312197177694,77.6557069218423
1004.3445439147949,27.18429478395438,43.01873302459717,2.063312197177694,77.6557069218423
1004.3445439147949,27.18429478395438,43.01873302459717,2.063312197177694,77.6557069218423
1004.3445439147949,27.18429478395438,43.01873302459717,2.063312197177694,77.6557069218423
1004.3445439147949,27.18429478395438,43.01873302459717,2.063312197177694,77.6557069218423
1004.3445439147949,27.18429478395438,43.01873302459717,2.063312197177694,77.6557069218423
1004.3445439147949,27.18429478395438,43.01873302459717,2.063312197177694,77.6557069218423
1004.3445439147949,27.18429478395438,43.01873302459717,2.063312197177694,77.6557069218423
1004.3445439147949,27.18429478395438,43.01873302459717,2.063312197177694,77.6557069218423
1004.3445439147949,27.18366177807957,43.19044280052185,2.063312197177694,77.65554324916306
1004.3435668945312,27.18366177807957,43.19044280052185,2.063312197177694,77.66410776994373
1004.3435668945312,27.18366177807957,43.19044280052185,2.063312197177694,77.66410776994373
1004.3435668945312,27.18366177807957,43.19044280052185,2.063312197177694,77.66410776994373
1004.3435668945312,27.18366177807957,43.19044280052185,2.063312197177694,77.66410776994373
1004.3435668945312,27.18366177807957,43.19044280052185,2.063312197177694,77.66410776994373
1004.3435668945312,27.18366177807957,43.19044280052185,2.063312197177694,77.66410776994373
1004.3435668945312,27.18366177807957,43.19044280052185,2.063312197177694,77.66410776994373
1004.3435668945312,27.18366177807957,43.19044280052185,2.063312197177694,77.66410776994373
1004.3435668945312,27.18366177807957,43.19044280052185,2.063312197177694,77.66410776994373
1004.3435668945312,27.18366177807957,43.19044280052185,2.063312197177694,77.66410776994373
1004.3435668945312,27.18366177807957,43.19044280052185,2.063312197177694,77.66410776994373
1004.3435668945312,27.18366177807957,43.19044280052185,2.063312197177694,77.66410776994373
1004.3435668945312,27.18366177807957,43.19044280052185,2.063312197177694,77.66410776994373
1004.3435668945312,27.18366177807957,43.19044280052185,2.063312197177694,77.66410776994373
1004.3435668945312,27.18366177807957,43.19044280052185,2.063312197177694,77.66410776994373
1004.3435668945312,27.18366177807957,43.19044280052185,2.063312197177694,77.66410776994373
1004.3435668945312,27.18366177807957,43.19044280052185,2.063312197177694,77.66410776994373
1004.3435668945312,27.18366177807957,43.19044280052185,2.063312197177694,77.66410776994373
1004.3435668945312,27.18366177807957,43.19044280052185,2.063312197177694,77.66410776994373
1004.3435668945312,27.18366177807957,43.19044280052185,2.063312197177694,77.66410776994373
1004.3435668945312,27.18366177807957,43.19044280052185,2.063312197177694,77.66410776994373
1004.3435668945312,27.18366177807957,43.19044280052185,2.063312197177694,77.66410776994373
1004.3435668945312,27.18366177807957,43.19044280052185,2.063312197177694,77.66410776994373
1004.3435668945312,27.18366177807957,43.19044280052185,2.063312197177694,77.66410776994373
1004.3435668945312,27.18366177807957,43.19044280052185,2.063312197177694,77.66410776994373
1004.3435668945312,27.183028772209312,43.13989520072937,2.063312197177694,77.66394407921443
1004.3426268005371,27.183028772209312,43.13989520072937,2.063312197177694,77.67218489777834
1004.3426268005371,27.183028772209312,43.13989520072937,2.063312197177694,77.67218489777834
1004.3426268005371,27.183028772209312,43.13989520072937,2.063312197177694,77.67218489777834
1004.3426268005371,27.183028772209312,43.13989520072937,2.063312197177694,77.67218489777834
1004.3426268005371,27.183028772209312,43.13989520072937,2.063312197177694,77.67218489777834
1004.3426268005371,27.183028772209312,43.13989520072937,2.063312197177694,77.67218489777834
1004.3426268005371,27.183028772209312,43.13989520072937,2.063312197177694,77.67218489777834
1004.3426268005371,27.183028772209312,43.13989520072937,2.063312197177694,77.67218489777834
1004.3426268005371,27.183028772209312,43.13989520072937,2.063312197177694,77.67218489777834
1004.3426268005371,27.183028772209312,43.13989520072937,2.063312197177694,77.67218489777834
1004.3426268005371,27.183028772209312,43.13989520072937,2.063312197177694,77.67218489777834
1004.3426268005371,27.183028772209312,43.13989520072937,2.063312197177694,77.67218489777834
1004.3426268005371,27.183028772209312,43.13989520072937,2.063312197177694,77.67218489777834
1004.3426268005371,27.183028772209312,43.13989520072937,2.063312197177694,77.67218489777834
1004.3426268005371,27.183028772209312,43.13989520072937,2.063312197177694,77.67218489777834
1004.3426268005371,27.183028772209312,43.13989520072937,2.063312197177694,77.67218489777834
1004.3426268005371,27.183028772209312,43.13989520072937,2.063312197177694,77.67218489777834
1004.3426268005371,27.183028772209312,43.13989520072937,2.063312197177694,77.67218489777834
1004.3426268005371,27.183028772209312,43.13989520072937,2.063312197177694,77.67218489777834
1004.3426268005371,27.183028772209312,43.13989520072937,2.063312197177694,77.67218489777834
1004.3426268005371,27.183028772209312,43.13989520072937,2.063312197177694,77.67218489777834
1004.3426268005371,27.183028772209312,43.13989520072937,2.063312197177694,77.67218489777834
1004.3426268005371,27.183028772209312,43.13989520072937,2.063312197177694,77.67218489777834
1004.3426268005371,27.183028772209312,43.13989520072937,2.063312197177694,77.67218489777834
1004.3426268005371,27.183028772209312,43.13989520072937,2.063312197177694,77.67218489777834
1004.3408940124511,27.18271226927589,43.02876567840576,2.063312197177694,77.68729258847885
1004.3402668762207,27.18271226927589,43.02876567840576,2.063312197177694,77.69279004499549
1004.3402668762207,27.18271226927589,43.02876567840576,2.063312197177694,77.69279004499549
1004.3402668762207,27.18271226927589,43.02876567840576,2.063312197177694,77.69279004499549
1004.3402668762207,27.18271226927589,43.02876567840576,2.063312197177694,77.69279004499549
1004.3402668762207,27.18271226927589,43.02876567840576,2.063312197177694,77.69279004499549
1004.3402668762207,27.18271226927589,43.02876567840576,2.063312197177694,77.69279004499549
1004.3402668762207,27.18271226927589,43.02876567840576,2.063312197177694,77.69279004499549
1004.3402668762207,27.18271226927589,43.02876567840576,2.063312197177694,77.69279004499549
1004.3402668762207,27.18271226927589,43.02876567840576,2.063312197177694,77.69279004499549
1004.3402668762207,27.18271226927589,43.02876567840576,2.063312197177694,77.69279004499549
1004.3402668762207,27.18271226927589,43.02876567840576,2.063312197177694,77.69279004499549
1004.3402668762207,27.18271226927589,43.02876567840576,2.063312197177694,77.69279004499549
1004.3402668762207,27.18271226927589,43.02876567840576,2.063312197177694,77.69279004499549
1004.3402668762207,27.18271226927589,43.02876567840576,2.063312197177694,77.69279004499549
1004.3402668762207,27.18271226927589,43.02876567840576,2.096254725190193,77.69279004499549
1004.3402668762207,27.18271226927589,43.02876567840576,2.096254725190193,77.69279004499549
1004.3402668762207,27.18271226927589,43.02876567840576,2.096254725190193,77.69279004499549
1004.3402668762207,27.18271226927589,43.02876567840576,2.096254725190193,77.69279004499549
1004.3402668762207,27.18271226927589,43.02876567840576,2.096254725190193,77.69279004499549
1004.3402668762207,27.18271226927589,43.02876567840576,2.096254725190193,77.69279004499549
1004.3402668762207,27.18271226927589,43.02876567840576,2.096254725190193,77.69279004499549
1004.3402668762207,27.18271226927589,43.02876567840576,2.096254725190193,77.69279004499549
1004.3402668762207,27.18271226927589,43.02876567840576,2.096254725190193,77.69279004499549
1004.3402668762207,27.18271226927589,43.02876567840576,2.096254725190193,77.69279004499549
1004.3402668762207,27.18271226927589,43.02876567840576,2.096254725190193,77.69279004499549
1004.3402668762207,27.182395766343603,42.917729139328,2.096254725190193,77.69270816914626
1004.339953918457,27.182395766343603,42.917729139328,2.096254725190193,77.69545154572856
1004.339953918457,27.182395766343603,42.917729139328,2.096254725190193,77.69545154572856
1004.339953918457,27.182395766343603,42.917729139328,2.096254725190193,77.69545154572856
1004.339953918457,27.182395766343603,42.917729139328,2.096254725190193,77.69545154572856
1004.339953918457,27.182395766343603,42.917729139328,2.096254725190193,77.69545154572856
1004.339953918457,27.182395766343603,42.917729139328,2.096254725190193,77.69545154572856
1004.339953918457,27.182395766343603,42.917729139328,2.096254725190193,77.69545154572856
1004.339953918457,27.182395766343603,42.917729139328,2.096254725190193,77.69545154572856
1004.339953918457,27.182395766343603,42.917729139328,2.096254725190193,77.69545154572856
1004.339953918457,27.182395766343603,42.917729139328,2.096254725190193,77.69545154572856
1004.339953918457,27.182395766343603,42.917729139328,2.096254725190193,77.69545154572856
1004.339953918457,27.182395766343603,42.917729139328,2.096254725190193,77.69545154572856
1004.339953918457,27.182395766343603,42.917729139328,2.096254725190193,77.69545154572856
1004.339953918457,27.182395766343603,42.917729139328,2.096254725190193,77.69545154572856
1004.339953918457,27.182395766343603,42.917729139328,2.096254725190193,77.69545154572856
1004.339953918457,27.182395766343603,42.917729139328,2.096254725190193,77.69545154572856
1004.339953918457,27.182395766343603,42.917729139328,2.096254725190193,77.69545154572856
1004.339953918457,27.182395766343603,42.917729139328,2.096254725190193,77.69545154572856
1004.339953918457,27.182395766343603,42.917729139328,2.096254725190193,77.69545154572856
1004.339953918457,27.182395766343603,42.917729139328,2.096254725190193,77.69545154572856
1004.339953918457,27.182395766343603,42.917729139328,2.096254725190193,77.69545154572856
1004.339953918457,27.182395766343603,42.917729139328,2.096254725190193,77.69545154572856
1004.339953918457,27.182395766343603,42.917729139328,2.096254725190193,77.69545154572856
1004.339953918457,27.182395766343603,42.917729139328,2.096254725190193,77.69545154572856
1004.339953918457,27.182395766343603,42.917729139328,2.096254725190193,77.69545154572856
1004.338221282959,27.18207926341245,43.0490243434906,2.096254725190193,77.71055789025067
1004.3375939941407,27.18207926341245,43.0490243434906,2.096254725190193,77.71605669018058
1004.3375939941407,27.18207926341245,43.0490243434906,2.096254725190193,77.71605669018058
1004.3375939941407,27.18207926341245,43.0490243434906,2.096254725190193,77.71605669018058
1004.3375939941407,27.18207926341245,43.0490243434906,2.096254725190193,77.71605669018058
1004.3375939941407,27.18207926341245,43.0490243434906,2.096254725190193,77.71605669018058
1004.3375939941407,27.18207926341245,43.0490243434906,2.096254725190193,77.71605669018058
1004.3375939941407,27.18207926341245,43.0490243434906,2.096254725190193,77.71605669018058
1004.3375939941407,27.18207926341245,43.0490243434906,2.096254725190193,77.71605669018058
1004.3375939941407,27.18207926341245,43.0490243434906,2.096254725190193,77.71605669018058
1004.3375939941407,27.18207926341245,43.0490243434906,2.096254725190193,77.71605669018058
1004.3375939941407,27.18207926341245,43.0490243434906,2.096254725190193,77.71605669018058
1004.3375939941407,27.18207926341245,43.0490243434906,2.096254725190193,77.71605669018058
1004.3375939941407,27.18207926341245,43.0490243434906,2.096254725190193,77.71605669018058
1004.3375939941407,27.18207926341245,43.0490243434906,2.096254725190193,77.71605669018058
1004.3375939941407,27.18207926341245,43.0490243434906,2.096254725190193,77.71605669018058
1004.3375939941407,27.18207926341245,43.0490243434906,2.096254725190193,77.71605669018058
1004.3375939941407,27.18207926341245,43.0490243434906,2.096254725190193,77.71605669018058
1004.3375939941407,27.18207926341245,43.0490243434906,2.096254725190193,77.71605669018058
1004.3375939941407,27.18207926341245,43.0490243434906,2.096254725190193,77.71605669018058
1004.3375939941407,27.18207926341245,43.0490243434906,2.096254725190193,77.71605669018058
1004.3375939941407,27.18207926341245,43.0490243434906,2.096254725190193,77.71605669018058
1004.3375939941407,27.18207926341245,43.0490243434906,2.096254725190193,77.71605669018058
1004.3375939941407,27.18207926341245,43.0490243434906,2.096254725190193,77.71605669018058
1004.3375939941407,27.18207926341245,43.0490243434906,2.096254725190193,77.71605669018058
1004.3375939941407,27.18207926341245,43.0490243434906,2.096254725190193,77.71605669018058
1004.3375939941407,27.18144625755356,43.109604835510254,2.096254725190193,77.71589288909966
1004.3366152954102,27.18144625755356,43.109604835510254,2.096254725190193,77.72447213062937
1004.3366152954102,27.18144625755356,43.109604835510254,2.096254725190193,77.72447213062937
1004.3366152954102,27.18144625755356,43.109604835510254,2.096254725190193,77.72447213062937
1004.3366152954102,27.18144625755356,43.109604835510254,2.096254725190193,77.72447213062937
1004.3366152954102,27.18144625755356,43.109604835510254,2.096254725190193,77.72447213062937
1004.3366152954102,27.18144625755356,43.109604835510254,2.096254725190193,77.72447213062937
1004.3366152954102,27.18144625755356,43.109604835510254,2.096254725190193,77.72447213062937
1004.3366152954102,27.18144625755356,43.109604835510254,2.096254725190193,77.72447213062937
1004.3366152954102,27.18144625755356,43.109604835510254,2.096254725190193,77.72447213062937
1004.3366152954102,27.18144625755356,43.109604835510254,2.096254725190193,77.72447213062937
1004.3366152954102,27.18144625755356,43.109604835510254,2.096254725190193,77.72447213062937
1004.3366152954102,27.18144625755356,43.109604835510254,2.096254725190193,77.72447213062937
1004.3366152954102,27.18144625755356,43.109604835510254,2.096254725190193,77.72447213062937
1004.3366152954102,27.18144625755356,43.109604835510254,2.096254725190193,77.72447213062937
1004.3366152954102,27.18144625755356,43.109604835510254,2.096254725190193,77.72447213062937
1004.3366152954102,27.18144625755356,43.109604835510254,2.096254725190193,77.72447213062937
1004.3366152954102,27.18144625755356,43.109604835510254,2.096254725190193,77.72447213062937
1004.3366152954102,27.18144625755356,43.109604835510254,2.096254725190193,77.72447213062937
1004.3366152954102,27.18144625755356,43.109604835510254,2.096254725190193,77.72447213062937
1004.3366152954102,27.18144625755356,43.109604835510254,2.096254725190193,77.72447213062937
1004.3366152954102,27.18144625755356,43.109604835510254,2.096254725190193,77.72447213062937
1004.3366152954102,27.18144625755356,43.109604835510254,2.096254725190193,77.72447213062937
1004.3366152954102,27.18144625755356,43.109604835510254,2.096254725190193,77.72447213062937
1004.3366152954102,27.18144625755356,43.109604835510254,2.096254725190193,77.72447213062937
1004.3366152954102,27.18144625755356,43.109604835510254,2.096254725190193,77.72447213062937
1004.3331867980957,27.18081325169922,43.15002489089966,2.096254725190193,77.75436242359658
1004.3322099304199,27.18081325169922,43.15002489089966,2.096254725190193,77.76292564082827
1004.3322099304199,27.18081325169922,43.15002489089966,2.096254725190193,77.76292564082827
1004.3322099304199,27.18081325169922,43.15002489089966,2.096254725190193,77.76292564082827
1004.3322099304199,27.18081325169922,43.15002489089966,2.096254725190193,77.76292564082827
1004.3322099304199,27.18081325169922,43.15002489089966,2.096254725190193,77.76292564082827
1004.3322099304199,27.18081325169922,43.15002489089966,2.096254725190193,77.76292564082827
1004.3322099304199,27.18081325169922,43.15002489089966,2.096254725190193,77.76292564082827
1004.3322099304199,27.18081325169922,43.15002489089966,2.096254725190193,77.76292564082827
1004.3322099304199,27.18081325169922,43.15002489089966,2.096254725190193,77.76292564082827
1004.3322099304199,27.18081325169922,43.15002489089966,2.096254725190193,77.76292564082827
1004.3322099304199,27.18081325169922,43.15002489089966,2.096254725190193,77.76292564082827
1004.3322099304199,27.18081325169922,43.15002489089966,2.096254725190193,77.76292564082827
1004.3322099304199,27.18081325169922,43.15002489089966,2.096254725190193,77.76292564082827
1004.3322099304199,27.18081325169922,43.15002489089966,2.096254725190193,77.76292564082827
1004.3322099304199,27.18081325169922,43.15002489089966,2.096254725190193,77.76292564082827
1004.3322099304199,27.18081325169922,43.15002489089966,2.096254725190193,77.76292564082827
1004.3322099304199,27.18081325169922,43.15002489089966,2.096254725190193,77.76292564082827
1004.3322099304199,27.18081325169922,43.15002489089966,2.096254725190193,77.76292564082827
1004.3322099304199,27.18081325169922,43.15002489089966,2.096254725190193,77.76292564082827
1004.3322099304199,27.18081325169922,43.15002489089966,2.096254725190193,77.76292564082827
1004.3322099304199,27.18081325169922,43.15002489089966,2.096254725190193,77.76292564082827
1004.3322099304199,27.18081325169922,43.15002489089966,2.096254725190193,77.76292564082827
1004.3322099304199,27.18081325169922,43.15002489089966,2.096254725190193,77.76292564082827
1004.3322099304199,27.18081325169922,43.15002489089966,2.096254725190193,77.76292564082827
1004.3322099304199,27.18081325169922,43.15002489089966,2.096254725190193,77.76292564082827
1004.3339425659179,27.180496748773752,43.15002489089966,2.096254725190193,77.7476554391118
1004.3332786560059,27.180496748773752,43.15002489089966,2.096254725190193,77.75347525771528
1004.3332786560059,27.180496748773752,43.15002489089966,2.096254725190193,77.75347525771528
1004.3332786560059,27.180496748773752,43.15002489089966,2.096254725190193,77.75347525771528
1004.3332786560059,27.180496748773752,43.15002489089966,2.096254725190193,77.75347525771528
1004.3332786560059,27.180496748773752,43.15002489089966,2.096254725190193,77.75347525771528
1004.3332786560059,27.180496748773752,43.15002489089966,2.096254725190193,77.75347525771528
1004.3332786560059,27.180496748773752,43.15002489089966,2.096254725190193,77.75347525771528
1004.3332786560059,27.180496748773752,43.15002489089966,2.096254725190193,77.75347525771528
1004.3332786560059,27.180496748773752,43.15002489089966,2.096254725190193,77.75347525771528
1004.3332786560059,27.180496748773752,43.15002489089966,2.096254725190193,77.75347525771528
1004.3332786560059,27.180496748773752,43.15002489089966,2.096254725190193,77.75347525771528
1004.3332786560059,27.180496748773752,43.15002489089966,2.096254725190193,77.75347525771528
1004.3332786560059,27.180496748773752,43.15002489089966,2.096254725190193,77.75347525771528
1004.3332786560059,27.180496748773752,43.15002489089966,2.096254725190193,77.75347525771528
1004.3332786560059,27.180496748773752,43.15002489089966,2.096254725190193,77.75347525771528
1004.3332786560059,27.180496748773752,43.15002489089966,2.096254725190193,77.75347525771528
1004.3332786560059,27.180496748773752,43.15002489089966,2.096254725190193,77.75347525771528
1004.3332786560059,27.180496748773752,43.15002489089966,2.096254725190193,77.75347525771528
1004.3332786560059,27.180496748773752,43.15002489089966,2.096254725190193,77.75347525771528
1004.3332786560059,27.180496748773752,43.15002489089966,2.096254725190193,77.75347525771528
1004.3332786560059,27.180496748773752,43.15002489089966,2.096254725190193,77.75347525771528
1004.3332786560059,27.180496748773752,43.15002489089966,2.096254725190193,77.75347525771528
1004.3332786560059,27.180496748773752,43.15002489089966,2.096254725190193,77.75347525771528
1004.3332786560059,27.180496748773752,43.15002489089966,2.096254725190193,77.75347525771528
1004.3332786560059,27.180496748773752,43.15002489089966,2.096254725190193,77.75347525771528
1004.3315826416016,27.17986374292623,42.88743782043457,2.096254725190193,77.76817858853344
1004.3306057739258,27.17986374292623,42.88743782043457,2.096254725190193,77.77674179497397
1004.3306057739258,27.17986374292623,42.88743782043457,2.096254725190193,77.77674179497397
1004.3306057739258,27.17986374292623,42.88743782043457,2.096254725190193,77.77674179497397
1004.3306057739258,27.17986374292623,42.88743782043457,2.096254725190193,77.77674179497397
1004.3306057739258,27.17986374292623,42.88743782043457,2.096254725190193,77.77674179497397
1004.3306057739258,27.17986374292623,42.88743782043457,2.096254725190193,77.77674179497397
1004.3306057739258,27.17986374292623,42.88743782043457,2.096254725190193,77.77674179497397
1004.3306057739258,27.17986374292623,42.88743782043457,2.096254725190193,77.77674179497397
1004.3306057739258,27.17986374292623,42.88743782043457,2.096254725190193,77.77674179497397
1004.3306057739258,27.17986374292623,42.88743782043457,2.096254725190193,77.77674179497397
1004.3306057739258,27.17986374292623,42.88743782043457,2.096254725190193,77.77674179497397
1004.3306057739258,27.17986374292623,42.88743782043457,2.096254725190193,77.77674179497397
1004.3306057739258,27.17986374292623,42.88743782043457,2.096254725190193,77.77674179497397
1004.3306057739258,27.17986374292623,42.88743782043457,2.096254725190193,77.77674179497397
1004.3306057739258,27.17986374292623,42.88743782043457,2.096254725190193,77.77674179497397
1004.3306057739258,27.17986374292623,42.88743782043457,2.096254725190193,77.77674179497397
1004.3306057739258,27.17986374292623,42.88743782043457,2.096254725190193,77.77674179497397
1004.3306057739258,27.17986374292623,42.88743782043457,2.096254725190193,77.77674179497397
1004.3306057739258,27.17986374292623,42.88743782043457,2.096254725190193,77.77674179497397
1004.3306057739258,27.17986374292623,42.88743782043457,2.096254725190193,77.77674179497397
1004.3306057739258,27.17986374292623,42.88743782043457,2.096254725190193,77.77674179497397
1004.3306057739258,27.17986374292623,42.88743782043457,2.096254725190193,77.77674179497397
1004.3306057739258,27.17986374292623,42.88743782043457,2.096254725190193,77.77674179497397
1004.3306057739258,27.17986374292623,42.88743782043457,2.096254725190193,77.77674179497397
1004.3306057739258,27.17986374292623,42.88743782043457,2.096254725190193,77.77674179497397
1004.3306057739258,27.17986374292623,43.23076343536377,2.096254725190193,77.77674179497397
1004.3306057739258,27.17986374292623,43.23076343536377,2.096254725190193,77.77674179497397
1004.3306057739258,27.17986374292623,43.23076343536377,2.096254725190193,77.77674179497397
1004.3306057739258,27.17986374292623,43.23076343536377,2.096254725190193,77.77674179497397
1004.3306057739258,27.17986374292623,43.23076343536377,2.096254725190193,77.77674179497397
1004.3306057739258,27.17986374292623,43.23076343536377,2.096254725190193,77.77674179497397
1004.3306057739258,27.17986374292623,43.23076343536377,2.096254725190193,77.77674179497397
1004.3306057739258,27.17986374292623,43.23076343536377,2.096254725190193,77.77674179497397
1004.3306057739258,27.17986374292623,43.23076343536377,2.096254725190193,77.77674179497397
1004.3306057739258,27.17986374292623,43.23076343536377,2.096254725190193,77.77674179497397
1004.3306057739258,27.17986374292623,43.23076343536377,2.096254725190193,77.77674179497397
1004.3306057739258,27.17986374292623,43.23076343536377,2.096254725190193,77.77674179497397
1004.3306057739258,27.17986374292623,43.23076343536377,2.096254725190193,77.77674179497397
1004.3306057739258,27.17986374292623,43.23076343536377,2.096254725190193,77.77674179497397
1004.3306057739258,27.17986374292623,43.23076343536377,2.096254725190193,77.77674179497397
1004.3306057739258,27.17986374292623,43.23076343536377,2.096254725190193,77.77674179497397
1004.3306057739258,27.17986374292623,43.23076343536377,2.096254725190193,77.77674179497397
1004.3306057739258,27.17986374292623,43.23076343536377,2.096254725190193,77.77674179497397
1004.3306057739258,27.17986374292623,43.23076343536377,2.096254725190193,77.77674179497397
1004.3306057739258,27.17986374292623,43.23076343536377,2.096254725190193,77.77674179497397
1004.3306057739258,27.17986374292623,43.23076343536377,2.096254725190193,77.77674179497397
1004.3306057739258,27.17986374292623,43.23076343536377,2.096254725190193,77.77674179497397
1004.3306057739258,27.17986374292623,43.23076343536377,2.096254725190193,77.77674179497397
1004.3306057739258,27.17986374292623,43.23076343536377,2.096254725190193,77.77674179497397
1004.3306057739258,27.17986374292623,43.23076343536377,2.096254725190193,77.77674179497397
1004.3306057739258,27.17986374292623,43.23076343536377,2.096254725190193,77.77674179497397
1004.332301940918,27.180180245849424,43.02876567840576,2.096254725190193,77.7619551779793
1004.3326528930664,27.180180245849424,43.02876567840576,2.096254725190193,77.75887873885371
1004.3326528930664,27.180180245849424,43.02876567840576,2.096254725190193,77.75887873885371
1004.3326528930664,27.180180245849424,43.02876567840576,2.096254725190193,77.75887873885371
1004.3326528930664,27.180180245849424,43.02876567840576,2.096254725190193,77.75887873885371
1004.3326528930664,27.180180245849424,43.02876567840576,2.096254725190193,77.75887873885371
1004.3326528930664,27.180180245849424,43.02876567840576,2.096254725190193,77.75887873885371
1004.3326528930664,27.180180245849424,43.02876567840576,2.096254725190193,77.75887873885371
1004.3326528930664,27.180180245849424,43.02876567840576,2.096254725190193,77.75887873885371
1004.3326528930664,27.180180245849424,43.02876567840576,2.096254725190193,77.75887873885371
1004.3326528930664,27.180180245849424,43.02876567840576,2.096254725190193,77.75887873885371
1004.3326528930664,27.180180245849424,43.02876567840576,2.096254725190193,77.75887873885371
1004.3326528930664,27.180180245849424,43.02876567840576,2.096254725190193,77.75887873885371
1004.3326528930664,27.180180245849424,43.02876567840576,2.096254725190193,77.75887873885371
1004.3326528930664,27.180180245849424,43.02876567840576,2.096254725190193,77.75887873885371
1004.3326528930664,27.180180245849424,43.02876567840576,2.096254725190193,77.75887873885371
1004.3326528930664,27.180180245849424,43.02876567840576,2.096254725190193,77.75887873885371
1004.3326528930664,27.180180245849424,43.02876567840576,2.096254725190193,77.75887873885371
1004.3326528930664,27.180180245849424,43.02876567840576,2.096254725190193,77.75887873885371
1004.3326528930664,27.180180245849424,43.02876567840576,2.096254725190193,77.75887873885371
1004.3326528930664,27.180180245849424,43.02876567840576,2.096254725190193,77.75887873885371
1004.3326528930664,27.180180245849424,43.02876567840576,2.096254725190193,77.75887873885371
1004.3326528930664,27.180180245849424,43.02876567840576,2.096254725190193,77.75887873885371
1004.3326528930664,27.180180245849424,43.02876567840576,2.063312197177694,77.75887873885371
1004.3326528930664,27.180180245849424,43.02876567840576,2.063312197177694,77.75887873885371
1004.3326528930664,27.180180245849424,43.02876567840576,2.063312197177694,77.75887873885371
1004.3309202575683,27.180180245849424,43.160056591033936,2.063312197177694,77.77406699749362
1004.3309202575683,27.180180245849424,43.160056591033936,2.063312197177694,77.77406699749362
1004.3309202575683,27.180180245849424,43.160056591033936,2.063312197177694,77.77406699749362
1004.3309202575683,27.180180245849424,43.160056591033936,2.063312197177694,77.77406699749362
1004.3309202575683,27.180180245849424,43.160056591033936,2.063312197177694,77.77406699749362
1004.3309202575683,27.180180245849424,43.160056591033936,2.063312197177694,77.77406699749362
1004.3309202575683,27.180180245849424,43.160056591033936,2.063312197177694,77.77406699749362
1004.3309202575683,27.180180245849424,43.160056591033936,2.063312197177694,77.77406699749362
1004.3309202575683,27.180180245849424,43.160056591033936,2.063312197177694,77.77406699749362
1004.3309202575683,27.180180245849424,43.160056591033936,2.063312197177694,77.77406699749362
1004.3309202575683,27.180180245849424,43.160056591033936,2.063312197177694,77.77406699749362
1004.3309202575683,27.180180245849424,43.160056591033936,2.063312197177694,77.77406699749362
1004.3309202575683,27.180180245849424,43.160056591033936,2.063312197177694,77.77406699749362
1004.3309202575683,27.180180245849424,43.160056591033936,2.063312197177694,77.77406699749362
1004.3309202575683,27.180180245849424,43.160056591033936,2.063312197177694,77.77406699749362
1004.3309202575683,27.180180245849424,43.160056591033936,2.063312197177694,77.77406699749362
1004.3309202575683,27.180180245849424,43.160056591033936,2.063312197177694,77.77406699749362
1004.3309202575683,27.180180245849424,43.160056591033936,2.063312197177694,77.77406699749362
1004.3309202575683,27.180180245849424,43.160056591033936,2.063312197177694,77.77406699749362
1004.3309202575683,27.180180245849424,43.160056591033936,2.063312197177694,77.77406699749362
1004.3309202575683,27.180180245849424,43.160056591033936,2.063312197177694,77.77406699749362
1004.3309202575683,27.180180245849424,43.160056591033936,2.063312197177694,77.77406699749362
1004.3309202575683,27.180180245849424,43.160056591033936,2.063312197177694,77.77406699749362
1004.3309202575683,27.180180245849424,43.160056591033936,2.063312197177694,77.77406699749362
1004.3309202575683,27.180180245849424,43.160056591033936,2.063312197177694,77.77406699749362
1004.3309202575683,27.180180245849424,43.160056591033936,2.063312197177694,77.77406699749362
1004.3309202575683,27.17986374292623,43.109604835510254,2.063312197177694,77.77398503530276
1004.3306057739258,27.17986374292623,43.109604835510254,2.063312197177694,77.77674179497397
1004.3306057739258,27.17986374292623,43.109604835510254,2.063312197177694,77.77674179497397
1004.3306057739258,27.17986374292623,43.109604835510254,2.063312197177694,77.77674179497397
1004.3306057739258,27.17986374292623,43.109604835510254,2.063312197177694,77.77674179497397
1004.3306057739258,27.17986374292623,43.109604835510254,2.063312197177694,77.77674179497397
1004.3306057739258,27.17986374292623,43.109604835510254,2.063312197177694,77.77674179497397
1004.3306057739258,27.17986374292623,43.109604835510254,2.063312197177694,77.77674179497397
1004.3306057739258,27.17986374292623,43.109604835510254,2.063312197177694,77.77674179497397
1004.3306057739258,27.17986374292623,43.109604835510254,2.063312197177694,77.77674179497397
1004.3306057739258,27.17986374292623,43.109604835510254,2.063312197177694,77.77674179497397
1004.3306057739258,27.17986374292623,43.109604835510254,2.063312197177694,77.77674179497397
1004.3306057739258,27.17986374292623,43.109604835510254,2.063312197177694,77.77674179497397
1004.3306057739258,27.17986374292623,43.109604835510254,2.063312197177694,77.77674179497397
1004.3306057739258,27.17986374292623,43.109604835510254,2.063312197177694,77.77674179497397
1004.3306057739258,27.17986374292623,43.109604835510254,2.063312197177694,77.77674179497397
1004.3306057739258,27.17986374292623,43.109604835510254,2.063312197177694,77.77674179497397
1004.3306057739258,27.17986374292623,43.109604835510254,2.063312197177694,77.77674179497397
1004.3306057739258,27.17986374292623,43.109604835510254,2.063312197177694,77.77674179497397
1004.3306057739258,27.17986374292623,43.109604835510254,2.063312197177694,77.77674179497397
1004.3306057739258,27.17986374292623,43.109604835510254,2.063312197177694,77.77674179497397
1004.3306057739258,27.17986374292623,43.109604835510254,2.063312197177694,77.77674179497397
1004.3306057739258,27.17986374292623,43.109604835510254,2.063312197177694,77.77674179497397
1004.3306057739258,27.17986374292623,43.109604835510254,2.063312197177694,77.77674179497397
1004.3306057739258,27.17986374292623,43.109604835510254,2.063312197177694,77.77674179497397
1004.3306057739258,27.17986374292623,43.109604835510254,2.063312197177694,77.77674179497397
1004.3306057739258,27.179547240004176,43.09947609901428,2.063312197177694,77.77665982987821
1004.3299783325195,27.179547240004176,43.09947609901428,2.063312197177694,77.78215997065259
1004.3299783325195,27.179547240004176,43.09947609901428,2.063312197177694,77.78215997065259
1004.3299783325195,27.179547240004176,43.09947609901428,2.063312197177694,77.78215997065259
1004.3299783325195,27.179547240004176,43.09947609901428,2.063312197177694,77.78215997065259
1004.3299783325195,27.179547240004176,43.09947609901428,2.063312197177694,77.78215997065259
1004.3299783325195,27.179547240004176,43.09947609901428,2.063312197177694,77.78215997065259
1004.3299783325195,27.179547240004176,43.09947609901428,2.063312197177694,77.78215997065259
1004.3299783325195,27.179547240004176,43.09947609901428,2.063312197177694,77.78215997065259
1004.3299783325195,27.179547240004176,43.09947609901428,2.063312197177694,77.78215997065259
1004.3299783325195,27.179547240004176,43.09947609901428,2.063312197177694,77.78215997065259
1004.3299783325195,27.179547240004176,43.09947609901428,2.063312197177694,77.78215997065259
1004.3299783325195,27.179547240004176,43.09947609901428,2.063312197177694,77.78215997065259
1004.3299783325195,27.179547240004176,43.09947609901428,2.063312197177694,77.78215997065259
1004.3299783325195,27.179547240004176,43.09947609901428,2.063312197177694,77.78215997065259
1004.3299783325195,27.179547240004176,43.09947609901428,2.063312197177694,77.78215997065259
1004.3299783325195,27.179547240004176,43.09947609901428,2.063312197177694,77.78215997065259
1004.3299783325195,27.179547240004176,43.09947609901428,2.063312197177694,77.78215997065259
1004.3299783325195,27.179547240004176,43.09947609901428,2.063312197177694,77.78215997065259
1004.3299783325195,27.179547240004176,43.09947609901428,2.063312197177694,77.78215997065259
1004.3299783325195,27.179547240004176,43.09947609901428,2.063312197177694,77.78215997065259
1004.3299783325195,27.179547240004176,43.09947609901428,2.063312197177694,77.78215997065259
1004.3299783325195,27.179547240004176,43.09947609901428,2.063312197177694,77.78215997065259
1004.3299783325195,27.179547240004176,43.09947609901428,2.063312197177694,77.78215997065259
1004.3299783325195,27.179547240004176,43.09947609901428,2.063312197177694,77.78215997065259
1004.3299783325195,27.179547240004176,43.09947609901428,2.063312197177694,77.78215997065259
1004.3299783325195,27.17923073708326,43.17018532752991,2.063312197177694,77.78207799976077
1004.3296290588379,27.17923073708326,43.17018532752991,2.063312197177694,77.78513972550819
1004.3296290588379,27.17923073708326,43.17018532752991,2.063312197177694,77.78513972550819
1004.3296290588379,27.17923073708326,43.17018532752991,2.063312197177694,77.78513972550819
1004.3296290588379,27.17923073708326,43.17018532752991,2.063312197177694,77.78513972550819
1004.3296290588379,27.17923073708326,43.17018532752991,2.063312197177694,77.78513972550819
1004.3296290588379,27.17923073708326,43.17018532752991,2.063312197177694,77.78513972550819
1004.3296290588379,27.17923073708326,43.17018532752991,2.063312197177694,77.78513972550819
1004.3296290588379,27.17923073708326,43.17018532752991,2.063312197177694,77.78513972550819
1004.3296290588379,27.17923073708326,43.17018532752991,2.063312197177694,77.78513972550819
1004.3296290588379,27.17923073708326,43.17018532752991,2.063312197177694,77.78513972550819
1004.3296290588379,27.17923073708326,43.17018532752991,2.063312197177694,77.78513972550819
1004.3296290588379,27.17923073708326,43.17018532752991,2.063312197177694,77.78513972550819
1004.3296290588379,27.17923073708326,43.17018532752991,2.063312197177694,77.78513972550819
1004.3296290588379,27.17923073708326,43.17018532752991,2.063312197177694,77.78513972550819
1004.3296290588379,27.17923073708326,43.17018532752991,2.063312197177694,77.78513972550819
1004.3296290588379,27.17923073708326,43.17018532752991,2.063312197177694,77.78513972550819
1004.3296290588379,27.17923073708326,43.17018532752991,2.063312197177694,77.78513972550819
1004.3296290588379,27.17923073708326,43.17018532752991,2.063312197177694,77.78513972550819
1004.3296290588379,27.17923073708326,43.17018532752991,2.063312197177694,77.78513972550819
1004.3296290588379,27.17923073708326,43.17018532752991,2.063312197177694,77.78513972550819
1004.3296290588379,27.17923073708326,43.17018532752991,2.063312197177694,77.78513972550819
1004.3296290588379,27.17923073708326,43.17018532752991,2.063312197177694,77.78513972550819
1004.3296290588379,27.17923073708326,43.17018532752991,2.063312197177694,77.78513972550819
1004.3296290588379,27.17923073708326,43.17018532752991,2.063312197177694,77.78513972550819
1004.3296290588379,27.17923073708326,43.17018532752991,2.063312197177694,77.78513972550819
1004.3296290588379,27.179547240004176,43.069185733795166,2.063312197177694,77.78522169962662
1004.3299783325195,27.179547240004176,43.069185733795166,2.063312197177694,77.78215997065259
1004.3299783325195,27.179547240004176,43.069185733795166,2.063312197177694,77.78215997065259
1004.3299783325195,27.179547240004176,43.069185733795166,2.063312197177694,77.78215997065259
1004.3299783325195,27.179547240004176,43.069185733795166,2.063312197177694,77.78215997065259
1004.3299783325195,27.179547240004176,43.069185733795166,2.063312197177694,77.78215997065259
1004.3299783325195,27.179547240004176,43.069185733795166,2.063312197177694,77.78215997065259
1004.3299783325195,27.179547240004176,43.069185733795166,2.063312197177694,77.78215997065259
1004.3299783325195,27.179547240004176,43.069185733795166,2.063312197177694,77.78215997065259
1004.3299783325195,27.179547240004176,43.069185733795166,2.063312197177694,77.78215997065259
1004.3299783325195,27.179547240004176,43.069185733795166,2.063312197177694,77.78215997065259
1004.3299783325195,27.179547240004176,43.069185733795166,2.063312197177694,77.78215997065259
1004.3299783325195,27.179547240004176,43.069185733795166,2.063312197177694,77.78215997065259
1004.3299783325195,27.179547240004176,43.069185733795166,2.063312197177694,77.78215997065259
1004.3299783325195,27.179547240004176,43.069185733795166,2.063312197177694,77.78215997065259
1004.3299783325195,27.179547240004176,43.069185733795166,2.063312197177694,77.78215997065259
1004.3299783325195,27.179547240004176,43.069185733795166,2.063312197177694,77.78215997065259
1004.3299783325195,27.179547240004176,43.069185733795166,2.063312197177694,77.78215997065259
1004.3299783325195,27.179547240004176,43.069185733795166,2.063312197177694,77.78215997065259
1004.3299783325195,27.179547240004176,43.069185733795166,2.063312197177694,77.78215997065259
1004.3299783325195,27.179547240004176,43.069185733795166,2.063312197177694,77.78215997065259
1004.3299783325195,27.179547240004176,43.069185733795166,2.063312197177694,77.78215997065259
1004.3299783325195,27.179547240004176,43.069185733795166,2.063312197177694,77.78215997065259
1004.3299783325195,27.179547240004176,43.069185733795166,2.063312197177694,77.78215997065259
1004.3299783325195,27.179547240004176,43.069185733795166,2.063312197177694,77.78215997065259
1004.3299783325195,27.179547240004176,43.069185733795166,2.063312197177694,77.78215997065259
1004.3299783325195,27.17986374292623,43.0490243434906,2.063312197177694,77.7822419415447
1004.3306057739258,27.17986374292623,43.0490243434906,2.063312197177694,77.77674179497397
1004.3306057739258,27.17986374292623,43.0490243434906,2.063312197177694,77.77674179497397
1004.3306057739258,27.17986374292623,43.0490243434906,2.063312197177694,77.77674179497397
1004.3306057739258,27.17986374292623,43.0490243434906,2.063312197177694,77.77674179497397
1004.3306057739258,27.17986374292623,43.0490243434906,2.063312197177694,77.77674179497397
1004.3306057739258,27.17986374292623,43.0490243434906,2.063312197177694,77.77674179497397
1004.3306057739258,27.17986374292623,43.0490243434906,2.063312197177694,77.77674179497397
1004.3306057739258,27.17986374292623,43.0490243434906,2.063312197177694,77.77674179497397
1004.3306057739258,27.17986374292623,43.0490243434906,2.063312197177694,77.77674179497397
1004.3306057739258,27.17986374292623,43.0490243434906,2.063312197177694,77.77674179497397
1004.3306057739258,27.17986374292623,43.0490243434906,2.063312197177694,77.77674179497397
1004.3306057739258,27.17986374292623,43.0490243434906,2.063312197177694,77.77674179497397
1004.3306057739258,27.17986374292623,43.0490243434906,2.063312197177694,77.77674179497397
1004.3306057739258,27.17986374292623,43.0490243434906,2.063312197177694,77.77674179497397
1004.3306057739258,27.17986374292623,43.0490243434906,2.063312197177694,77.77674179497397
1004.3306057739258,27.17986374292623,43.0490243434906,2.063312197177694,77.77674179497397
1004.3306057739258,27.17986374292623,43.0490243434906,2.063312197177694,77.77674179497397
1004.3306057739258,27.17986374292623,43.0490243434906,2.063312197177694,77.77674179497397
1004.3306057739258,27.17986374292623,43.0490243434906,2.063312197177694,77.77674179497397
1004.3306057739258,27.17986374292623,43.0490243434906,2.063312197177694,77.77674179497397
1004.3306057739258,27.17986374292623,43.0490243434906,2.063312197177694,77.77674179497397
1004.3306057739258,27.17986374292623,43.0490243434906,2.063312197177694,77.77674179497397
1004.3306057739258,27.17986374292623,43.0490243434906,2.063312197177694,77.77674179497397
1004.3306057739258,27.17986374292623,43.0490243434906,2.063312197177694,77.77674179497397
1004.3306057739258,27.17986374292623,43.0490243434906,2.063312197177694,77.77674179497397
1004.3289099121093,27.180180245849424,43.23076343536377,2.063312197177694,77.79168969687399
1004.329224243164,27.180180245849424,43.23076343536377,2.063312197177694,77.78893426634892
1004.329224243164,27.180180245849424,43.23076343536377,2.063312197177694,77.78893426634892
1004.329224243164,27.180180245849424,43.23076343536377,2.063312197177694,77.78893426634892
1004.329224243164,27.180180245849424,43.23076343536377,2.063312197177694,77.78893426634892
1004.329224243164,27.180180245849424,43.23076343536377,2.063312197177694,77.78893426634892
1004.329224243164,27.180180245849424,43.23076343536377,2.063312197177694,77.78893426634892
1004.329224243164,27.180180245849424,43.23076343536377,2.063312197177694,77.78893426634892
1004.329224243164,27.180180245849424,43.23076343536377,2.063312197177694,77.78893426634892
1004.329224243164,27.180180245849424,43.23076343536377,2.063312197177694,77.78893426634892
1004.329224243164,27.180180245849424,43.23076343536377,2.063312197177694,77.78893426634892
1004.329224243164,27.180180245849424,43.23076343536377,2.063312197177694,77.78893426634892
1004.329224243164,27.180180245849424,43.23076343536377,2.063312197177694,77.78893426634892
1004.329224243164,27.180180245849424,43.23076343536377,2.063312197177694,77.78893426634892
1004.329224243164,27.180180245849424,43.23076343536377,2.063312197177694,77.78893426634892
1004.329224243164,27.180180245849424,43.23076343536377,2.063312197177694,77.78893426634892
1004.329224243164,27.180180245849424,43.23076343536377,2.063312197177694,77.78893426634892
1004.329224243164,27.180180245849424,43.23076343536377,2.063312197177694,77.78893426634892
1004.329224243164,27.180180245849424,43.23076343536377,2.063312197177694,77.78893426634892
1004.329224243164,27.180180245849424,43.23076343536377,2.063312197177694,77.78893426634892
1004.329224243164,27.180180245849424,43.23076343536377,2.063312197177694,77.78893426634892
1004.329224243164,27.180180245849424,43.23076343536377,2.063312197177694,77.78893426634892
1004.329224243164,27.180180245849424,43.23076343536377,2.063312197177694,77.78893426634892
1004.329224243164,27.180180245849424,43.23076343536377,2.063312197177694,77.78893426634892
1004.329224243164,27.180180245849424,43.23076343536377,2.063312197177694,77.78893426634892
1004.3309202575683,27.180496748773752,43.069185733795166,2.063312197177694,77.77414895968477
1004.3315826416016,27.180496748773752,43.069185733795166,2.063312197177694,77.76834250067719
1004.3315826416016,27.180496748773752,43.069185733795166,2.063312197177694,77.76834250067719
1004.3315826416016,27.180496748773752,43.069185733795166,2.063312197177694,77.76834250067719
1004.3315826416016,27.180496748773752,43.069185733795166,2.063312197177694,77.76834250067719
1004.3315826416016,27.180496748773752,43.069185733795166,2.063312197177694,77.76834250067719
1004.3315826416016,27.180496748773752,43.069185733795166,2.063312197177694,77.76834250067719
1004.3315826416016,27.180496748773752,43.069185733795166,2.063312197177694,77.76834250067719
1004.3315826416016,27.180496748773752,43.069185733795166,2.063312197177694,77.76834250067719
1004.3315826416016,27.180496748773752,43.069185733795166,2.063312197177694,77.76834250067719
1004.3315826416016,27.180496748773752,43.069185733795166,2.063312197177694,77.76834250067719
1004.3315826416016,27.180496748773752,43.069185733795166,2.063312197177694,77.76834250067719
1004.3315826416016,27.180496748773752,43.069185733795166,2.063312197177694,77.76834250067719
1004.3315826416016,27.180496748773752,43.069185733795166,2.063312197177694,77.76834250067719
1004.3315826416016,27.180496748773752,43.069185733795166,2.063312197177694,77.76834250067719
1004.3315826416016,27.180496748773752,43.069185733795166,2.063312197177694,77.76834250067719
1004.3315826416016,27.180496748773752,43.069185733795166,2.063312197177694,77.76834250067719
1004.3315826416016,27.180496748773752,43.069185733795166,2.063312197177694,77.76834250067719
1004.3315826416016,27.180496748773752,43.069185733795166,2.063312197177694,77.76834250067719
1004.3315826416016,27.180496748773752,43.069185733795166,2.063312197177694,77.76834250067719
1004.3315826416016,27.180496748773752,43.069185733795166,2.063312197177694,77.76834250067719
1004.3315826416016,27.180496748773752,43.069185733795166,2.063312197177694,77.76834250067719
1004.3315826416016,27.180496748773752,43.069185733795166,2.063312197177694,77.76834250067719
1004.3315826416016,27.180496748773752,43.069185733795166,2.063312197177694,77.76834250067719
1004.3315826416016,27.180496748773752,43.069185733795166,2.063312197177694,77.76834250067719
1004.3315826416016,27.180496748773752,43.069185733795166,2.063312197177694,77.76834250067719
1004.3315826416016,27.180496748773752,43.008604288101196,2.063312197177694,77.76834250067719
1004.3315826416016,27.180496748773752,43.008604288101196,2.063312197177694,77.76834250067719
1004.3315826416016,27.180496748773752,43.008604288101196,2.063312197177694,77.76834250067719
1004.3315826416016,27.180496748773752,43.008604288101196,2.063312197177694,77.76834250067719
1004.3315826416016,27.180496748773752,43.008604288101196,2.063312197177694,77.76834250067719
1004.3315826416016,27.180496748773752,43.008604288101196,2.063312197177694,77.76834250067719
1004.3315826416016,27.180496748773752,43.008604288101196,2.063312197177694,77.76834250067719
1004.3315826416016,27.180496748773752,43.008604288101196,2.063312197177694,77.76834250067719
1004.3315826416016,27.180496748773752,43.008604288101196,2.063312197177694,77.76834250067719
1004.3315826416016,27.180496748773752,43.008604288101196,2.063312197177694,77.76834250067719
1004.3315826416016,27.180496748773752,43.008604288101196,2.063312197177694,77.76834250067719
1004.3315826416016,27.180496748773752,43.008604288101196,2.063312197177694,77.76834250067719
1004.3315826416016,27.180496748773752,43.008604288101196,2.063312197177694,77.76834250067719
1004.3315826416016,27.180496748773752,43.008604288101196,2.063312197177694,77.76834250067719
1004.3315826416016,27.180496748773752,43.008604288101196,2.063312197177694,77.76834250067719
1004.3315826416016,27.180496748773752,43.008604288101196,2.063312197177694,77.76834250067719
1004.3315826416016,27.180496748773752,43.008604288101196,2.063312197177694,77.76834250067719
1004.3315826416016,27.180496748773752,43.008604288101196,2.063312197177694,77.76834250067719
1004.3315826416016,27.180496748773752,43.008604288101196,2.063312197177694,77.76834250067719
1004.3315826416016,27.180496748773752,43.008604288101196,2.063312197177694,77.76834250067719
1004.3315826416016,27.180496748773752,43.008604288101196,2.063312197177694,77.76834250067719
1004.3315826416016,27.180496748773752,43.008604288101196,2.063312197177694,77.76834250067719
1004.3315826416016,27.180496748773752,43.008604288101196,2.063312197177694,77.76834250067719
1004.3315826416016,27.180496748773752,43.008604288101196,2.063312197177694,77.76834250067719
1004.3315826416016,27.180496748773752,43.008604288101196,2.063312197177694,77.76834250067719
1004.3315826416016,27.180496748773752,43.008604288101196,2.063312197177694,77.76834250067719
1004.3315826416016,27.18081325169922,43.069185733795166,2.063312197177694,77.7684244567495
1004.3322099304199,27.18081325169922,43.069185733795166,2.063312197177694,77.76292564082827
1004.3322099304199,27.18081325169922,43.069185733795166,2.063312197177694,77.76292564082827
1004.3322099304199,27.18081325169922,43.069185733795166,2.063312197177694,77.76292564082827
1004.3322099304199,27.18081325169922,43.069185733795166,2.063312197177694,77.76292564082827
1004.3322099304199,27.18081325169922,43.069185733795166,2.063312197177694,77.76292564082827
1004.3322099304199,27.18081325169922,43.069185733795166,2.063312197177694,77.76292564082827
1004.3322099304199,27.18081325169922,43.069185733795166,2.063312197177694,77.76292564082827
1004.3322099304199,27.18081325169922,43.069185733795166,2.063312197177694,77.76292564082827
1004.3322099304199,27.18081325169922,43.069185733795166,2.063312197177694,77.76292564082827
1004.3322099304199,27.18081325169922,43.069185733795166,2.063312197177694,77.76292564082827
1004.3322099304199,27.18081325169922,43.069185733795166,2.063312197177694,77.76292564082827
1004.3322099304199,27.18081325169922,43.069185733795166,2.063312197177694,77.76292564082827
1004.3322099304199,27.18081325169922,43.069185733795166,2.063312197177694,77.76292564082827
1004.3322099304199,27.18081325169922,43.069185733795166,2.063312197177694,77.76292564082827
1004.3322099304199,27.18081325169922,43.069185733795166,2.063312197177694,77.76292564082827
1004.3322099304199,27.18081325169922,43.069185733795166,2.063312197177694,77.76292564082827
1004.3322099304199,27.18081325169922,43.069185733795166,2.063312197177694,77.76292564082827
1004.3322099304199,27.18081325169922,43.069185733795166,2.063312197177694,77.76292564082827
1004.3322099304199,27.18081325169922,43.069185733795166,2.063312197177694,77.76292564082827
1004.3322099304199,27.18081325169922,43.069185733795166,2.063312197177694,77.76292564082827
1004.3322099304199,27.18081325169922,43.069185733795166,2.063312197177694,77.76292564082827
1004.3322099304199,27.18081325169922,43.069185733795166,2.063312197177694,77.76292564082827
1004.3322099304199,27.18081325169922,43.069185733795166,2.063312197177694,77.76292564082827
1004.3322099304199,27.18081325169922,43.069185733795166,2.063312197177694,77.76292564082827
1004.3322099304199,27.18081325169922,43.069185733795166,2.063312197177694,77.76292564082827
1004.3322099304199,27.180496748773752,43.089444637298584,2.063312197177694,77.76284369055087
1004.3315826416016,27.180496748773752,43.089444637298584,2.063312197177694,77.76834250067719
1004.3315826416016,27.180496748773752,43.089444637298584,2.063312197177694,77.76834250067719
1004.3315826416016,27.180496748773752,43.089444637298584,2.063312197177694,77.76834250067719
1004.3315826416016,27.180496748773752,43.089444637298584,2.063312197177694,77.76834250067719
1004.3315826416016,27.180496748773752,43.089444637298584,2.063312197177694,77.76834250067719
1004.3315826416016,27.180496748773752,43.089444637298584,2.063312197177694,77.76834250067719
1004.3315826416016,27.180496748773752,43.089444637298584,2.063312197177694,77.76834250067719
1004.3315826416016,27.180496748773752,43.089444637298584,2.063312197177694,77.76834250067719
1004.3315826416016,27.180496748773752,43.089444637298584,2.063312197177694,77.76834250067719
1004.3315826416016,27.180496748773752,43.089444637298584,2.063312197177694,77.76834250067719
1004.3315826416016,27.180496748773752,43.089444637298584,2.063312197177694,77.76834250067719
1004.3315826416016,27.180496748773752,43.089444637298584,2.063312197177694,77.76834250067719
1004.3315826416016,27.180496748773752,43.089444637298584,2.063312197177694,77.76834250067719
1004.3315826416016,27.180496748773752,43.089444637298584,2.063312197177694,77.76834250067719
1004.3315826416016,27.180496748773752,43.089444637298584,2.063312197177694,77.76834250067719
1004.3315826416016,27.180496748773752,43.089444637298584,2.063312197177694,77.76834250067719
1004.3315826416016,27.180496748773752,43.089444637298584,2.063312197177694,77.76834250067719
1004.3315826416016,27.180496748773752,43.089444637298584,2.063312197177694,77.76834250067719
1004.3315826416016,27.180496748773752,43.089444637298584,2.063312197177694,77.76834250067719
1004.3315826416016,27.180496748773752,43.089444637298584,2.063312197177694,77.76834250067719
1004.3315826416016,27.180496748773752,43.089444637298584,2.063312197177694,77.76834250067719
1004.3315826416016,27.180496748773752,43.089444637298584,2.063312197177694,77.76834250067719
1004.3315826416016,27.180496748773752,43.089444637298584,2.063312197177694,77.76834250067719
1004.3315826416016,27.180496748773752,43.089444637298584,2.063312197177694,77.76834250067719
1004.3315826416016,27.180496748773752,43.089444637298584,2.063312197177694,77.76834250067719
1004.3332786560059,27.180496748773752,43.15002489089966,2.063312197177694,77.75347525771528
1004.3332786560059,27.180496748773752,43.15002489089966,2.063312197177694,77.75347525771528
1004.3332786560059,27.180496748773752,43.15002489089966,2.063312197177694,77.75347525771528
1004.3332786560059,27.180496748773752,43.15002489089966,2.063312197177694,77.75347525771528
1004.3332786560059,27.180496748773752,43.15002489089966,2.063312197177694,77.75347525771528
1004.3332786560059,27.180496748773752,43.15002489089966,2.063312197177694,77.75347525771528
1004.3332786560059,27.180496748773752,43.15002489089966,2.063312197177694,77.75347525771528
1004.3332786560059,27.180496748773752,43.15002489089966,2.063312197177694,77.75347525771528
1004.3332786560059,27.180496748773752,43.15002489089966,2.063312197177694,77.75347525771528
1004.3332786560059,27.180496748773752,43.15002489089966,2.063312197177694,77.75347525771528
1004.3332786560059,27.180496748773752,43.15002489089966,2.063312197177694,77.75347525771528
1004.3332786560059,27.180496748773752,43.15002489089966,2.063312197177694,77.75347525771528
1004.3332786560059,27.180496748773752,43.15002489089966,2.063312197177694,77.75347525771528
1004.3332786560059,27.180496748773752,43.15002489089966,2.063312197177694,77.75347525771528
1004.3332786560059,27.180496748773752,43.15002489089966,2.063312197177694,77.75347525771528
1004.3332786560059,27.180496748773752,43.15002489089966,2.063312197177694,77.75347525771528
1004.3332786560059,27.180496748773752,43.15002489089966,2.063312197177694,77.75347525771528
1004.3332786560059,27.180496748773752,43.15002489089966,2.063312197177694,77.75347525771528
1004.3332786560059,27.180496748773752,43.15002489089966,2.063312197177694,77.75347525771528
1004.3332786560059,27.180496748773752,43.15002489089966,2.063312197177694,77.75347525771528
1004.3332786560059,27.180496748773752,43.15002489089966,2.063312197177694,77.75347525771528
1004.3332786560059,27.180496748773752,43.15002489089966,2.063312197177694,77.75347525771528
1004.3332786560059,27.180496748773752,43.15002489089966,2.063312197177694,77.75347525771528
1004.3332786560059,27.180496748773752,43.15002489089966,2.063312197177694,77.75347525771528
1004.3332786560059,27.180496748773752,43.15002489089966,2.063312197177694,77.75347525771528
1004.3332786560059,27.180496748773752,43.15002489089966,2.063312197177694,77.75347525771528
1004.3332786560059,27.180496748773752,43.12976622581482,2.063312197177694,77.75347525771528
1004.3332786560059,27.180496748773752,43.12976622581482,2.063312197177694,77.75347525771528
1004.3332786560059,27.180496748773752,43.12976622581482,2.063312197177694,77.75347525771528
1004.3332786560059,27.180496748773752,43.12976622581482,2.063312197177694,77.75347525771528
1004.3332786560059,27.180496748773752,43.12976622581482,2.063312197177694,77.75347525771528
1004.3332786560059,27.180496748773752,43.12976622581482,2.063312197177694,77.75347525771528
1004.3332786560059,27.180496748773752,43.12976622581482,2.063312197177694,77.75347525771528
1004.3332786560059,27.180496748773752,43.12976622581482,2.063312197177694,77.75347525771528
1004.3332786560059,27.180496748773752,43.12976622581482,2.063312197177694,77.75347525771528
1004.3332786560059,27.180496748773752,43.12976622581482,2.063312197177694,77.75347525771528
1004.3332786560059,27.180496748773752,43.12976622581482,2.096254725190193,77.75347525771528
1004.3332786560059,27.180496748773752,43.12976622581482,2.096254725190193,77.75347525771528
1004.3332786560059,27.180496748773752,43.12976622581482,2.096254725190193,77.75347525771528
1004.3332786560059,27.180496748773752,43.12976622581482,2.096254725190193,77.75347525771528
1004.3332786560059,27.180496748773752,43.12976622581482,2.096254725190193,77.75347525771528
1004.3332786560059,27.180496748773752,43.12976622581482,2.096254725190193,77.75347525771528
1004.3332786560059,27.180496748773752,43.12976622581482,2.096254725190193,77.75347525771528
1004.3332786560059,27.180496748773752,43.12976622581482,2.096254725190193,77.75347525771528
1004.3332786560059,27.180496748773752,43.12976622581482,2.096254725190193,77.75347525771528
1004.3332786560059,27.180496748773752,43.12976622581482,2.096254725190193,77.75347525771528
1004.3332786560059,27.180496748773752,43.12976622581482,2.096254725190193,77.75347525771528
1004.3332786560059,27.180496748773752,43.12976622581482,2.096254725190193,77.75347525771528
1004.3332786560059,27.180496748773752,43.12976622581482,2.096254725190193,77.75347525771528
1004.3332786560059,27.180496748773752,43.12976622581482,2.096254725190193,77.75347525771528
1004.3332786560059,27.180496748773752,43.12976622581482,2.096254725190193,77.75347525771528
1004.3332786560059,27.180496748773752,43.12976622581482,2.096254725190193,77.75347525771528
1004.3298864746093,27.180180245849424,43.008604288101196,2.096254725190193,77.78312913937667
1004.329224243164,27.180180245849424,43.008604288101196,2.096254725190193,77.78893426634892
1004.329224243164,27.180180245849424,43.008604288101196,2.096254725190193,77.78893426634892
1004.329224243164,27.180180245849424,43.008604288101196,2.096254725190193,77.78893426634892
1004.329224243164,27.180180245849424,43.008604288101196,2.096254725190193,77.78893426634892
1004.329224243164,27.180180245849424,43.008604288101196,2.096254725190193,77.78893426634892
1004.329224243164,27.180180245849424,43.008604288101196,2.096254725190193,77.78893426634892
1004.329224243164,27.180180245849424,43.008604288101196,2.096254725190193,77.78893426634892
1004.329224243164,27.180180245849424,43.008604288101196,2.096254725190193,77.78893426634892
1004.329224243164,27.180180245849424,43.008604288101196,2.096254725190193,77.78893426634892
1004.329224243164,27.180180245849424,43.008604288101196,2.096254725190193,77.78893426634892
1004.329224243164,27.180180245849424,43.008604288101196,2.096254725190193,77.78893426634892
1004.329224243164,27.180180245849424,43.008604288101196,2.096254725190193,77.78893426634892
1004.329224243164,27.180180245849424,43.008604288101196,2.096254725190193,77.78893426634892
1004.329224243164,27.180180245849424,43.008604288101196,2.096254725190193,77.78893426634892
1004.329224243164,27.180180245849424,43.008604288101196,2.096254725190193,77.78893426634892
1004.329224243164,27.180180245849424,43.008604288101196,2.096254725190193,77.78893426634892
1004.329224243164,27.180180245849424,43.008604288101196,2.096254725190193,77.78893426634892
1004.329224243164,27.180180245849424,43.008604288101196,2.096254725190193,77.78893426634892
1004.329224243164,27.180180245849424,43.008604288101196,2.096254725190193,77.78893426634892
1004.329224243164,27.180180245849424,43.008604288101196,2.096254725190193,77.78893426634892
1004.329224243164,27.180180245849424,43.008604288101196,2.096254725190193,77.78893426634892
1004.329224243164,27.180180245849424,43.008604288101196,2.096254725190193,77.78893426634892
1004.329224243164,27.180180245849424,43.008604288101196,2.096254725190193,77.78893426634892
1004.329224243164,27.180180245849424,43.008604288101196,2.096254725190193,77.78893426634892
1004.329224243164,27.180180245849424,43.008604288101196,2.096254725190193,77.78893426634892
1004.329224243164,27.180180245849424,43.12976622581482,2.096254725190193,77.78893426634892
1004.329224243164,27.180180245849424,43.12976622581482,2.096254725190193,77.78893426634892
1004.329224243164,27.180180245849424,43.12976622581482,2.096254725190193,77.78893426634892
1004.329224243164,27.180180245849424,43.12976622581482,2.096254725190193,77.78893426634892
1004.329224243164,27.180180245849424,43.12976622581482,2.096254725190193,77.78893426634892
1004.329224243164,27.180180245849424,43.12976622581482,2.096254725190193,77.78893426634892
1004.329224243164,27.180180245849424,43.12976622581482,2.096254725190193,77.78893426634892
1004.329224243164,27.180180245849424,43.12976622581482,2.096254725190193,77.78893426634892
1004.329224243164,27.180180245849424,43.12976622581482,2.096254725190193,77.78893426634892
1004.329224243164,27.180180245849424,43.12976622581482,2.096254725190193,77.78893426634892
1004.329224243164,27.180180245849424,43.12976622581482,2.096254725190193,77.78893426634892
1004.329224243164,27.180180245849424,43.12976622581482,2.096254725190193,77.78893426634892
1004.329224243164,27.180180245849424,43.12976622581482,2.096254725190193,77.78893426634892
1004.329224243164,27.180180245849424,43.12976622581482,2.096254725190193,77.78893426634892
1004.329224243164,27.180180245849424,43.12976622581482,2.096254725190193,77.78893426634892
1004.329224243164,27.180180245849424,43.12976622581482,2.096254725190193,77.78893426634892
1004.329224243164,27.180180245849424,43.12976622581482,2.096254725190193,77.78893426634892
1004.329224243164,27.180180245849424,43.12976622581482,2.096254725190193,77.78893426634892
1004.329224243164,27.180180245849424,43.12976622581482,2.096254725190193,77.78893426634892
1004.329224243164,27.180180245849424,43.12976622581482,2.096254725190193,77.78893426634892
1004.329224243164,27.180180245849424,43.12976622581482,2.096254725190193,77.78893426634892
1004.329224243164,27.180180245849424,43.12976622581482,2.096254725190193,77.78893426634892
1004.329224243164,27.180180245849424,43.12976622581482,2.096254725190193,77.78893426634892
1004.329224243164,27.180180245849424,43.12976622581482,2.096254725190193,77.78893426634892
1004.329224243164,27.180180245849424,43.12976622581482,2.096254725190193,77.78893426634892
1004.329224243164,27.180180245849424,43.12976622581482,2.096254725190193,77.78893426634892
1004.329224243164,27.17986374292623,43.07931470870972,2.096254725190193,77.78885228849018
1004.3289099121093,27.17986374292623,43.07931470870972,2.096254725190193,77.79160771611143
1004.3289099121093,27.17986374292623,43.07931470870972,2.096254725190193,77.79160771611143
1004.3289099121093,27.17986374292623,43.07931470870972,2.096254725190193,77.79160771611143
1004.3289099121093,27.17986374292623,43.07931470870972,2.096254725190193,77.79160771611143
1004.3289099121093,27.17986374292623,43.07931470870972,2.096254725190193,77.79160771611143
1004.3289099121093,27.17986374292623,43.07931470870972,2.096254725190193,77.79160771611143
1004.3289099121093,27.17986374292623,43.07931470870972,2.096254725190193,77.79160771611143
1004.3289099121093,27.17986374292623,43.07931470870972,2.096254725190193,77.79160771611143
1004.3289099121093,27.17986374292623,43.07931470870972,2.096254725190193,77.79160771611143
1004.3289099121093,27.17986374292623,43.07931470870972,2.096254725190193,77.79160771611143
1004.3289099121093,27.17986374292623,43.07931470870972,2.096254725190193,77.79160771611143
1004.3289099121093,27.17986374292623,43.07931470870972,2.096254725190193,77.79160771611143
1004.3289099121093,27.17986374292623,43.07931470870972,2.096254725190193,77.79160771611143
1004.3289099121093,27.17986374292623,43.07931470870972,2.096254725190193,77.79160771611143
1004.3289099121093,27.17986374292623,43.07931470870972,2.096254725190193,77.79160771611143
1004.3289099121093,27.17986374292623,43.07931470870972,2.096254725190193,77.79160771611143
1004.3289099121093,27.17986374292623,43.07931470870972,2.096254725190193,77.79160771611143
1004.3289099121093,27.17986374292623,43.07931470870972,2.096254725190193,77.79160771611143
1004.3289099121093,27.17986374292623,43.07931470870972,2.096254725190193,77.79160771611143
1004.3289099121093,27.17986374292623,43.07931470870972,2.096254725190193,77.79160771611143
1004.3289099121093,27.17986374292623,43.07931470870972,2.096254725190193,77.79160771611143
1004.3289099121093,27.17986374292623,43.07931470870972,2.096254725190193,77.79160771611143
1004.3289099121093,27.17986374292623,43.07931470870972,2.096254725190193,77.79160771611143
1004.3289099121093,27.17986374292623,43.07931470870972,2.096254725190193,77.79160771611143
1004.3289099121093,27.17986374292623,43.07931470870972,2.096254725190193,77.79160771611143
1004.3289099121093,27.17923073708326,43.05915307998657,2.096254725190193,77.79144375458725
1004.3279328918456,27.17923073708326,43.05915307998657,2.096254725190193,77.80000830769235
1004.3279328918456,27.17923073708326,43.05915307998657,2.096254725190193,77.80000830769235
1004.3279328918456,27.17923073708326,43.05915307998657,2.096254725190193,77.80000830769235
1004.3279328918456,27.17923073708326,43.05915307998657,2.096254725190193,77.80000830769235
1004.3279328918456,27.17923073708326,43.05915307998657,2.096254725190193,77.80000830769235
1004.3279328918456,27.17923073708326,43.05915307998657,2.096254725190193,77.80000830769235
1004.3279328918456,27.17923073708326,43.05915307998657,2.096254725190193,77.80000830769235
1004.3279328918456,27.17923073708326,43.05915307998657,2.096254725190193,77.80000830769235
1004.3279328918456,27.17923073708326,43.05915307998657,2.096254725190193,77.80000830769235
1004.3279328918456,27.17923073708326,43.05915307998657,2.096254725190193,77.80000830769235
1004.3279328918456,27.17923073708326,43.05915307998657,2.096254725190193,77.80000830769235
1004.3279328918456,27.17923073708326,43.05915307998657,2.096254725190193,77.80000830769235
1004.3279328918456,27.17923073708326,43.05915307998657,2.096254725190193,77.80000830769235
1004.3279328918456,27.17923073708326,43.05915307998657,2.096254725190193,77.80000830769235
1004.3279328918456,27.17923073708326,43.05915307998657,2.096254725190193,77.80000830769235
1004.3279328918456,27.17923073708326,43.05915307998657,2.096254725190193,77.80000830769235
1004.3279328918456,27.17923073708326,43.05915307998657,2.096254725190193,77.80000830769235
1004.3279328918456,27.17923073708326,43.05915307998657,2.096254725190193,77.80000830769235
1004.3279328918456,27.17923073708326,43.05915307998657,2.096254725190193,77.80000830769235
1004.3279328918456,27.17923073708326,43.05915307998657,2.096254725190193,77.80000830769235
1004.3279328918456,27.17923073708326,43.05915307998657,2.096254725190193,77.80000830769235
1004.3279328918456,27.17923073708326,43.05915307998657,2.096254725190193,77.80000830769235
1004.3279328918456,27.17923073708326,43.05915307998657,2.096254725190193,77.80000830769235
1004.3279328918456,27.17923073708326,43.05915307998657,2.096254725190193,77.80000830769235
1004.3279328918456,27.17923073708326,43.05915307998657,2.096254725190193,77.80000830769235
1004.3279328918456,27.178914234163475,43.02876567840576,2.096254725190193,77.79992631790493
1004.3272689819336,27.178914234163475,43.02876567840576,2.096254725190193,77.80574614728026
1004.3272689819336,27.178914234163475,43.02876567840576,2.096254725190193,77.80574614728026
1004.3272689819336,27.178914234163475,43.02876567840576,2.096254725190193,77.80574614728026
1004.3272689819336,27.178914234163475,43.02876567840576,2.096254725190193,77.80574614728026
1004.3272689819336,27.178914234163475,43.02876567840576,2.096254725190193,77.80574614728026
1004.3272689819336,27.178914234163475,43.02876567840576,2.096254725190193,77.80574614728026
1004.3272689819336,27.178914234163475,43.02876567840576,2.096254725190193,77.80574614728026
1004.3272689819336,27.178914234163475,43.02876567840576,2.096254725190193,77.80574614728026
1004.3272689819336,27.178914234163475,43.02876567840576,2.096254725190193,77.80574614728026
1004.3272689819336,27.178914234163475,43.02876567840576,2.096254725190193,77.80574614728026
1004.3272689819336,27.178914234163475,43.02876567840576,2.096254725190193,77.80574614728026
1004.3272689819336,27.178914234163475,43.02876567840576,2.096254725190193,77.80574614728026
1004.3272689819336,27.178914234163475,43.02876567840576,2.096254725190193,77.80574614728026
1004.3272689819336,27.178914234163475,43.02876567840576,2.096254725190193,77.80574614728026
1004.3272689819336,27.178914234163475,43.02876567840576,2.096254725190193,77.80574614728026
1004.3272689819336,27.178914234163475,43.02876567840576,2.096254725190193,77.80574614728026
1004.3272689819336,27.178914234163475,43.02876567840576,2.096254725190193,77.80574614728026
1004.3272689819336,27.178914234163475,43.02876567840576,2.096254725190193,77.80574614728026
1004.3272689819336,27.178914234163475,43.02876567840576,2.096254725190193,77.80574614728026
1004.3272689819336,27.178914234163475,43.02876567840576,2.096254725190193,77.80574614728026
1004.3272689819336,27.178914234163475,43.02876567840576,2.096254725190193,77.80574614728026
1004.3272689819336,27.178914234163475,43.02876567840576,2.096254725190193,77.80574614728026
1004.3272689819336,27.178914234163475,43.02876567840576,2.096254725190193,77.80574614728026
1004.3272689819336,27.178914234163475,43.02876567840576,2.096254725190193,77.80574614728026
1004.3272689819336,27.178914234163475,43.02876567840576,2.096254725190193,77.80574614728026
1004.3272689819336,27.17859773124483,43.0490243434906,2.096254725190193,77.80566415135988
1004.3266416931152,27.17859773124483,43.0490243434906,2.096254725190193,77.81116295891084
1004.3266416931152,27.17859773124483,43.0490243434906,2.096254725190193,77.81116295891084
1004.3266416931152,27.17859773124483,43.0490243434906,2.096254725190193,77.81116295891084
1004.3266416931152,27.17859773124483,43.0490243434906,2.096254725190193,77.81116295891084
1004.3266416931152,27.17859773124483,43.0490243434906,2.096254725190193,77.81116295891084
1004.3266416931152,27.17859773124483,43.0490243434906,2.096254725190193,77.81116295891084
1004.3266416931152,27.17859773124483,43.0490243434906,2.096254725190193,77.81116295891084
1004.3266416931152,27.17859773124483,43.0490243434906,2.096254725190193,77.81116295891084
1004.3266416931152,27.17859773124483,43.0490243434906,2.096254725190193,77.81116295891084
1004.3266416931152,27.17859773124483,43.0490243434906,2.096254725190193,77.81116295891084
1004.3266416931152,27.17859773124483,43.0490243434906,2.096254725190193,77.81116295891084
